Product Name,Product Price
Shop on eBay,$20.00
Proton Saga Mitsuboshi CPK865 Original Fan Belt Brand New,RM 18.00
4D68 For MITSUBISHI GALANT OR PROTON PERSONA 400 Engine Rebuild Kits Auto Engine,RM 410.74
Tail Lamp Proton Perdana V6 RH,RM 250.00
New ListingTiming Belt fits PROTON PUTRA 1.8 97 to 01 4G93(DOHC) Gates MD176389 Quality New,RM 231.88
New ListingTiming Belt fits MITSUBISHI MIRAGE Mk3 1.3 90 to 95 4G13(12V) Gates MD145813 New,RM 130.12
"New ListingBalance Shaft Belt fits MITSUBISHI L200 K62T, K75T 2.0 2.4 92 to 07 Gates New",RM 94.41
"5PK865 GATES V-Ribbed Belt for BMW,BYD,FERRARI,MITSUBISHI,PROTON,TOYOTA,ZHONGHUA",RM 203.51
"New ListingSUN ZAHNRIEMEN STEUERRIEMEN A444YU25MM L FÜR PROTON SALOON 1.5,1.3 1.5L,1.3L",RM 167.43
"New ListingDAYCO ZAHNRIEMEN STEUERRIEMEN 94216 I FÜR MITSUBISHI LANCER IV,COLT III",RM 147.07
"New ListingENGINE TIMING BELT CAM BELT BOSCH 1 987 949 536 P FOR CHEVROLET MATIZ,SPARK",RM 206.41
New ListingMITSUBOSHI ZAHNRIEMEN STEUERRIEMEN 126XR27 L FÜR PROTON IMPIAN 1.8 1.8L 93KW,RM 182.70
"New ListingZAHNRIEMEN STEUERRIEMEN MITSUBOSHI 92ZBS19 L FÜR HYUNDAI PONY EXCEL,PONY",RM 131.59
"New ListingZAHNRIEMEN STEUERRIEMEN DAYCO 94195 I FÜR HYUNDAI LANTRA I 1.6L,1.8L 84KW,93KW",RM 141.77
New ListingFRONT GAS SHOCK ABSORBER PROTON PERSONA L/HS ALL MODELS 1994-2000 KYB 334098,RM 236.91
DAYCO TIMING BELT KIT for PROTON M21 10/97-11/00 1.8L 4CYL 16V DOHC MPFI 4G93,RM 655.07
"New ListingZAHNRIEMEN STEUERRIEMEN MITSUBOSHI 158XR32 L FÜR MITSUBISHI LANCER V,GALANT V",RM 218.13
Correa Dentada AE TB380 Compatible Con Dayco KTB380 - Mitsubishi/Proton,RM 68.67
"INA 529 0280 10 V-Ribbed Belt Set for DACIA,NISSAN,PROTON,RENAULT",RM 403.94
ZAHNRIEMEN STEUERRIEMEN GATES 5550XS G FÜR PROTON IMPIAN 1.8 1.8L 93KW,RM 253.77
Dayco Timing Belt T889 fits MITSUBISHI/ PROTON 94510,RM 227.69
DAYCO TIMING BELT KIT for PROTON Satria 01/07-08/12 1.6L 4cyl DOHC MPFI BS S4PH,RM 623.87
"New ListingENGINE TIMING BELT CAM BELT BOSCH 1 987 949 637 P FOR OPEL VIVARO 2L 88KW,86KW",RM 265.64
"050 004 0760 MEYLE V-Ribbed Belt for MITSUBISHI,NISSAN,PROTON,ROVER,SUZUKI",RM 51.00
GATES Timing Belt To Suit Proton Satria 1.5 Petrol,RM 227.73
GATES Timing Belt Kit To Suit Proton Persona 313i Petrol,RM 409.06
GATES Timing Belt To Suit Proton Satria 1.6 Petrol,RM 343.15
GATES Timing Belt To Suit Proton M21 1.8 EXi Petrol Coupe,RM 305.71
New ListingGenuine Proton Licence Plate Light Assembly Number Plate Light PW516388,RM 88.78
Timing Belt fits PROTON WIRA 2.0D 96 to 00 QH MD192319 Top Quality Guaranteed,RM 211.86
New ListingZAHNRIEMEN STEUERRIEMEN MITSUBOSHI 121XY29 L FÜR MITSUBISHI SPACE RUNNER 1.8L,RM 192.68
"050 004 0763 MEYLE V-Ribbed Belt for MITSUBISHI,NISSAN,PROTON,ROVER,SUZUKI",RM 51.59
1x Meyle 0500040763 V-Ribbed for Mitsubishi Nissan Rover Suzuki Proton,RM 200.55
"ZAHNRIEMEN STEUERRIEMEN CONTITECH CT812 P FÜR PROTON PERSONA 400 418 GLXI,418",RM 269.04
"19840 FEBI BILSTEIN Timing Belt for DACIA,NISSAN,PEUGEOT,PROTON,RENAULT",RM 227.26
New DAYCO Timing Belt For Proton Wira 94216,RM 247.44
GATES Timing Belt Kit To Suit Proton Wira 1.5 Petrol,RM 439.85
"New V-Ribbed Belt for TOYOTA SUBARU ROVER PROTON NISSAN MITSUBISHI MAZDA LEXUS,",RM 79.31
"New V-Ribbed Belt for ROVER PROTON MG LAND ROVER:200 Coupe,400 Tourer, CDU2160",RM 85.82
Timing Belt fits PROTON WIRA 1.3 1.5 94 to 05 QH MD145813 Top Quality Guaranteed,RM 128.70
GATES Timing Belt Kit To Suit Proton Persona 315 GLi/GLSi Petrol,RM 408.66
GATES Timing Belt Kit To Suit Proton Wira 416 GLXi Petrol,RM 502.24
V-Ribbed Belts for MITSUBISHI NISSAN PROTON CONTINENTAL CTAM 4PK760,RM 100.63
Stabilizer Link Set of 2pcs Fit For Suzuki Ertiga Proton Ertiga,RM 456.00
ZAHNRIEMEN STEUERRIEMEN BOSCH 1 987 949 518 P FÜR PROTON SAVVY 1.2 1.2L 55KW,RM 177.41
Dayco Timing Belt T191 fits HYUNDAI/ MITSUBISHI/PROTON 94216,RM 202.74
KEILRIPPENRIEMEN FÜR MITSUBISHI NISSAN PROTON MEYLE 050 004 0760,RM 75.85
Timing Belt fits PROTON PERSONA 1.6 94 to 00 4G92 QH MD176386 Quality Guaranteed,RM 182.30
Genuine GATES Drive Belt for Mitsubishi Galant GLX 4G32 1.6 (06/1984-04/1990),RM 135.16
"GATES 5257XS Timing Belt for ,CHERY,FORD AFRICA,GREAT WALL,HYUNDAI,KIA,LANDWIND",RM 67.45
V-RIBBED FAN BELT FOR PROTON SATRIA 5PK1148 OEM QUALITY,RM 107.20
HI-FLOW THERMOSTAT TT281-180 SUIT LEXUS MITSUBISHI NISSAN PROTON TOYOTA,RM 118.39
ZAHNRIEMEN FÜR MITSUBISHI PROTON GATES 5352XS,RM 208.21
New ListingDash Mat Suit Proton Persona 1/2007 ON. AUSTRALIAN Made  Packed in Box.,RM 276.23
Timing Belt fits DAEWOO MATIZ 1.0 2003 on B10S QH D96610029 96610029 Quality New,RM 195.99
Timing Belt fits MITSUBISHI GALANT Mk5 2.0 92 to 96 QH MB182293 MD197141 Quality,RM 164.12
New ListingA Pair of FRONT shock absorbers to fit PROTON Gen2 and Persona  (2004-2013),RM 568.53
Timing Belt fits MITSUBISHI COLT Mk3 1.5 88 to 90 4G15(8V) QH MD100814 MD113564,RM 107.68
GATES Drive Belt Kit for Proton Savvy 1149cc 1.2 October 2005 to October 2012,RM 499.18
New ListingProton Savvy Speedometer Gearbox Sensor - HIGH QUALITY-12 MONTH GUARANTEE,RM 153.70
New ListingProton Savvy Power Steering Pressure Switch Sensor *1 Year warranty,RM 153.70
ALTERNATOR FAN BELT V-RIBBED for PROTON SAVVY 1.2 2005-2012 (4 V-RIBS),RM 171.11
TIMING BELT FOR PROTON WIRA 50092 PREMIUM QUALITY,RM 120.89
1000B334 FULL GASKET KIT MITSUBISHI 4B11/12 FOR LANCER OUTLANDER 2.0 LTR,RM 228.71
